Type,X,Y
Salt,67,171
Salt,375,236
Salt,12,157
Salt,19,374
Salt,399,289
Salt,193,265
Salt,189,287
Salt,300,135
Salt,392,116
Salt,144,125
Salt,213,360
Salt,326,285
Salt,60,129
Salt,120,389
Salt,228,80
Salt,24,35
Salt,316,122
Salt,117,142
Salt,369,25
Salt,86,392
Salt,237,64
Salt,209,337
Salt,236,59
Salt,31,49
Salt,159,41
Salt,241,146
Salt,162,150
Salt,108,34
Salt,347,32
Salt,382,313
Salt,58,120
Salt,266,24
Salt,9,193
Salt,119,373
Salt,340,230
Salt,84,185
Salt,313,193
Salt,195,222
Salt,72,187
Salt,358,295
Salt,99,116
Salt,341,178
Salt,69,238
Salt,209,117
Salt,353,88
Salt,169,207
Salt,114,79
Salt,66,257
Salt,157,133
Salt,75,79
Salt,252,115
Salt,93,158
Salt,61,130
Salt,40,111
Salt,259,347
Salt,175,0
Salt,324,231
Salt,77,307
Salt,57,397
Salt,11,16
Salt,18,15
Salt,189,147
Salt,71,368
Salt,299,2
Salt,60,50
Salt,219,286
Salt,390,319
Salt,248,66
Salt,191,355
Salt,162,256
Salt,369,342
Salt,248,218
Salt,13,156
Salt,67,167
Salt,306,386
Salt,212,359
Salt,116,62
Salt,320,97
Salt,385,96
Salt,357,34
Salt,202,79
Salt,368,314
Salt,216,373
Salt,72,55
Salt,212,339
Salt,290,56
Salt,126,133
Salt,251,76
Salt,136,156
Salt,20,332
Salt,268,48
Salt,151,32
Salt,367,66
Salt,271,196
Salt,291,14
Salt,88,98
Salt,77,102
Salt,13,226
Salt,15,196
Salt,161,387
Salt,373,53
Salt,105,196
Salt,177,103
Salt,116,198
Salt,30,200
Salt,117,127
Salt,129,164
Salt,270,379
Salt,292,4
Salt,95,106
Salt,218,193
Salt,249,311
Salt,5,251
Salt,39,118
Salt,242,158
Salt,171,334
Salt,36,227
Salt,213,11
Salt,211,301
Salt,305,379
Salt,301,161
Salt,7,109
Salt,259,323
Salt,143,238
Salt,65,278
Salt,349,172
Salt,125,182
Salt,25,139
Salt,295,333
Salt,314,345
Salt,17,29
Salt,289,3
Salt,373,365
Salt,273,154
Salt,48,230
Salt,123,204
Salt,63,6
Salt,365,261
Salt,245,352
Salt,384,377
Salt,227,332
Salt,64,350
Salt,226,4
Salt,303,179
Salt,18,48
Salt,116,304
Salt,270,381
Salt,266,312
Salt,233,136
Salt,368,367
Salt,62,310
Salt,17,343
Salt,145,110
Salt,185,305
Salt,323,375
Salt,302,163
Salt,19,77
Salt,37,200
Salt,398,319
Salt,245,13
Salt,383,142
Salt,180,295
Salt,237,304
Salt,260,399
Salt,244,288
Salt,14,87
Salt,194,130
Salt,231,30
Salt,197,125
Salt,123,360
Salt,323,149
Salt,116,237
Salt,238,275
Salt,158,179
Salt,142,276
Salt,34,43
Salt,346,212
Salt,276,115
Salt,2,118
Salt,23,383
Salt,385,136
Salt,338,238
Salt,80,264
Salt,378,51
Salt,264,365
Salt,139,231
Salt,42,314
Salt,337,235
Salt,187,141
Salt,165,25
Salt,117,6
Salt,159,320
Salt,195,325
Salt,269,3
Salt,238,356
Salt,186,344
Salt,391,213
Salt,291,377
Salt,209,63
Salt,294,19
Salt,41,13
Salt,155,385
Salt,239,335
Salt,101,111
Salt,102,51
Salt,184,24
Salt,264,95
Salt,212,383
Salt,384,34
Salt,55,59
Salt,335,283
Salt,356,17
Salt,9,281
Salt,150,392
Salt,52,6
Salt,151,305
Salt,386,284
Salt,172,292
Salt,360,373
Salt,94,270
Salt,129,187
Salt,363,2
Salt,62,22
Salt,144,248
Salt,46,242
Salt,20,110
Salt,9,326
Salt,399,135
Salt,226,196
Salt,314,32
Salt,317,171
Salt,139,112
Salt,47,352
Salt,294,67
Salt,179,229
Salt,352,81
Salt,148,188
Salt,140,133
Salt,205,130
Salt,300,330
Salt,30,188
Salt,101,171
Salt,348,116
Salt,348,179
Salt,123,6
Salt,133,74
Salt,263,141
Salt,81,262
Salt,146,251
Salt,176,382
Salt,206,207
Salt,111,19
Salt,111,98
Salt,26,270
Salt,103,35
Salt,375,352
Salt,293,183
Salt,5,135
Salt,74,292
Salt,348,365
Salt,106,213
Salt,233,137
Salt,116,108
Salt,289,358
Salt,274,81
Salt,79,222
Salt,314,157
Salt,381,270
Salt,345,339
Salt,205,300
Salt,158,335
Salt,70,353
Salt,350,255
Salt,0,390
Salt,350,338
Salt,346,15
Salt,348,365
Salt,17,311
Salt,129,282
Salt,197,193
Salt,63,189
Salt,231,79
Salt,287,119
Salt,99,324
Salt,21,209
Salt,116,200
Salt,343,92
Salt,394,152
Salt,343,150
Salt,176,271
Salt,318,373
Salt,335,376
Salt,54,298
Salt,175,271
Salt,328,222
Salt,117,248
Salt,354,311
Salt,11,146
Salt,172,9
Salt,165,176
Salt,10,18
Salt,326,87
Salt,184,71
Salt,170,31
Salt,118,328
Salt,340,114
Salt,175,22
Salt,332,64
Salt,390,200
Salt,2,2
Salt,134,74
Salt,378,208
Salt,144,52
Salt,158,74
Salt,378,52
Salt,124,164
Salt,344,183
Salt,395,240
Salt,32,42
Salt,133,140
Salt,173,344
Salt,75,223
Salt,69,266
Salt,24,43
Salt,362,28
Salt,290,143
Salt,26,112
Salt,164,178
Salt,367,67
Salt,84,92
Salt,36,240
Salt,76,339
Salt,295,38
Salt,62,236
Salt,47,329
Salt,276,248
Salt,175,139
Salt,383,26
Salt,187,68
Salt,77,248
Salt,299,3
Salt,19,289
Salt,120,55
Salt,10,358
Salt,267,42
Salt,231,41
Salt,362,31
Salt,327,310
Salt,82,119
Salt,247,293
Salt,166,341
Salt,391,138
Salt,224,216
Salt,333,34
Salt,117,329
Salt,190,246
Salt,89,151
Salt,100,13
Salt,163,112
Salt,327,299
Salt,331,379
Salt,52,117
Salt,93,44
Salt,223,79
Salt,299,227
Salt,100,176
Salt,107,147
Salt,148,111
Salt,103,235
Salt,242,63
Salt,279,180
Salt,242,200
Salt,139,217
Salt,208,212
Salt,27,389
Salt,57,220
Salt,142,45
Salt,195,329
Salt,286,167
Salt,94,99
Salt,69,168
Salt,251,70
Salt,357,286
Salt,398,164
Salt,196,87
Salt,61,339
Salt,4,142
Salt,392,98
Salt,99,359
Salt,43,329
Salt,333,362
Salt,206,10
Salt,388,73
Salt,8,162
Salt,129,123
Salt,383,169
Salt,112,123
Salt,362,221
Salt,43,35
Salt,226,81
Salt,242,159
Salt,154,227
Salt,13,349
Salt,81,12
Salt,78,52
Salt,146,156
Salt,315,119
Salt,15,75
Salt,141,211
Salt,195,53
Salt,157,264
Salt,172,246
Salt,304,282
Salt,79,256
Salt,369,326
Salt,28,170
Salt,399,358
Salt,315,258
Salt,279,171
Salt,291,184
Salt,33,219
Salt,242,81
Salt,141,20
Salt,353,310
Salt,357,51
Salt,70,346
Salt,375,92
Salt,86,25
Salt,150,179
Salt,388,324
Salt,221,111
Salt,299,206
Salt,377,308
Salt,86,268
Salt,240,17
Salt,302,116
Salt,123,253
Salt,82,204
Salt,363,79
Salt,81,176
Salt,366,233
Salt,108,190
Salt,250,298
Salt,207,347
Salt,32,103
Salt,89,43
Salt,42,261
Salt,124,133
Salt,319,133
Salt,358,158
Salt,316,118
Salt,129,129
Salt,223,85
Salt,79,196
Salt,92,153
Salt,136,399
Salt,183,87
Salt,87,152
Salt,342,215
Salt,90,104
Salt,288,1
Salt,262,93
Salt,254,64
Salt,27,360
Salt,280,319
Salt,51,24
Salt,343,238
Salt,318,273
Salt,147,288
Salt,7,358
Salt,212,225
Salt,234,41
Salt,392,63
Salt,192,383
Salt,249,309
Salt,162,267
Salt,317,73
Salt,196,334
Salt,136,249
Salt,144,338
Salt,60,106
Salt,122,135
Salt,302,315
Salt,132,120
Salt,374,169
Salt,180,278
Salt,154,347
Salt,231,392
Salt,110,368
Salt,145,377
Salt,305,50
Salt,296,259
Salt,370,141
Salt,274,381
Salt,283,123
Salt,244,65
Salt,315,25
Salt,365,86
Salt,371,172
Salt,282,119
Salt,147,355
Salt,286,170
Salt,2,170
Salt,359,181
Salt,366,131
Salt,333,365
Salt,104,86
Salt,281,374
Salt,123,181
Salt,235,142
Salt,144,268
Salt,125,165
Salt,362,76
Salt,376,343
Salt,268,76
Salt,32,217
Salt,216,269
Salt,208,307
Salt,7,98
Salt,268,233
Salt,48,119
Salt,89,158
Salt,133,399
Salt,116,11
Salt,259,371
Salt,18,208
Salt,356,338
Salt,280,5
Salt,155,70
Salt,36,390
Salt,307,320
Salt,290,92
Salt,385,239
Salt,250,187
Salt,63,146
Salt,18,313
Salt,247,332
Salt,91,396
Salt,302,335
Salt,103,104
Salt,166,187
Salt,113,167
Salt,117,215
Salt,195,164
Salt,149,71
Salt,395,235
Salt,184,258
Salt,5,394
Salt,396,322
Salt,30,134
Salt,248,3
Salt,28,31
Salt,263,347
Salt,300,11
Salt,212,82
Salt,310,211
Salt,340,220
Salt,32,208
Salt,161,230
Salt,36,10
Salt,127,314
Salt,67,190
Salt,97,64
Salt,186,264
Salt,295,80
Salt,287,243
Salt,399,313
Salt,250,74
Salt,107,360
Salt,26,270
Salt,360,279
Salt,91,273
Salt,153,243
Salt,58,206
Salt,390,23
Salt,125,110
Salt,265,100
Salt,189,67
Salt,397,62
Salt,325,214
Salt,305,111
Salt,268,214
Salt,198,256
Salt,267,152
Salt,7,137
Salt,124,3
Salt,247,210
Salt,87,42
Salt,55,368
Salt,393,103
Salt,359,223
Salt,362,278
Salt,373,94
Salt,258,364
Salt,200,4
Salt,108,360
Salt,193,256
Salt,27,336
Salt,364,232
Salt,95,274
Salt,388,52
Salt,208,86
Salt,18,24
Salt,324,88
Salt,41,29
Salt,381,91
Salt,121,332
Salt,314,200
Salt,369,234
Salt,32,184
Salt,52,332
Salt,396,291
Salt,120,222
Salt,79,372
Salt,306,247
Salt,351,12
Salt,91,388
Salt,304,51
Salt,73,86
Salt,3,316
Salt,99,319
Salt,180,298
Salt,217,15
Salt,362,225
Salt,248,332
Salt,336,211
Salt,8,269
Salt,77,112
Salt,373,240
Salt,371,307
Salt,175,79
Salt,13,295
Salt,369,225
Salt,99,145
Salt,350,162
Salt,214,165
Salt,374,320
Salt,24,56
Salt,83,96
Salt,149,4
Salt,337,119
Salt,281,34
Salt,98,391
Salt,73,301
Salt,108,134
Salt,329,337
Salt,390,349
Salt,77,165
Salt,143,307
Salt,336,231
Salt,219,174
Salt,262,319
Salt,233,41
Salt,229,21
Salt,342,242
Salt,201,306
Salt,294,216
Salt,42,183
Salt,334,394
Salt,218,50
Salt,254,117
Salt,142,258
Salt,173,10
Salt,279,32
Salt,228,85
Salt,155,93
Salt,156,296
Salt,284,279
Salt,262,353
Salt,294,265
Salt,99,359
Salt,227,244
Salt,158,262
Salt,275,246
Salt,304,8
Salt,366,314
Salt,350,267
Salt,312,157
Salt,308,38
Salt,206,84
Salt,338,118
Salt,315,376
Salt,215,190
Salt,222,132
Salt,193,253
Salt,151,166
Salt,66,193
Salt,367,97
Salt,189,171
Salt,290,351
Salt,206,192
Salt,360,208
Salt,309,270
Salt,183,32
Salt,1,61
Salt,105,198
Salt,193,150
Salt,383,334
Salt,61,13
Salt,94,311
Salt,231,43
Salt,101,51
Salt,384,342
Salt,231,115
Salt,212,122
Salt,41,363
Salt,337,184
Salt,306,132
Salt,85,274
Salt,9,26
Salt,289,268
Salt,366,307
Salt,245,298
Salt,80,292
Salt,256,127
Salt,260,150
Salt,33,25
Salt,198,172
Salt,19,162
Salt,388,154
Salt,334,39
Salt,42,303
Salt,73,335
Salt,51,349
Salt,148,62
Salt,99,41
Salt,257,256
Salt,284,294
Salt,215,314
Salt,364,160
Salt,293,164
Salt,8,206
Salt,168,58
Salt,56,171
Salt,336,374
Salt,146,343
Salt,321,223
Salt,124,355
Salt,35,190
Salt,63,21
Salt,129,260
Salt,396,49
Salt,291,391
Salt,288,234
Salt,280,331
Salt,117,167
Salt,126,185
Salt,107,299
Salt,254,41
Salt,382,249
Salt,343,340
Salt,256,111
Salt,62,309
Salt,160,260
Salt,304,175
Salt,296,153
Salt,262,368
Salt,200,375
Salt,1,188
Salt,188,69
Salt,369,390
Salt,292,6
Salt,60,10
Salt,329,281
Salt,94,44
Salt,5,311
Salt,299,230
Salt,10,48
Salt,1,278
Salt,202,140
Salt,313,96
Salt,168,180
Salt,392,52
Salt,287,130
Salt,242,298
Salt,196,216
Salt,111,378
Salt,162,35
Salt,179,20
Salt,259,62
Salt,284,191
Salt,114,100
Salt,135,106
Salt,298,3
Salt,77,194
Salt,96,162
Salt,140,375
Salt,127,31
Salt,361,322
Salt,215,271
Salt,312,274
Salt,119,255
Salt,17,37
Salt,56,77
Salt,388,228
Salt,266,273
Salt,310,283
Salt,231,206
Salt,337,320
Salt,344,170
Salt,318,176
Salt,205,213
Salt,317,305
Salt,365,261
Salt,62,100
Salt,132,85
Salt,54,71
Salt,186,254
Salt,153,274
Salt,191,387
Salt,94,379
Salt,237,262
Salt,326,296
Salt,325,89
Salt,385,314
Salt,51,288
Salt,280,65
Salt,14,219
Salt,118,277
Salt,27,29
Salt,381,209
Salt,7,156
Salt,105,119
Salt,235,108
Salt,157,338
Salt,73,82
Salt,13,179
Salt,14,307
Salt,58,105
Salt,373,219
Salt,274,207
Salt,29,7
Salt,336,60
Salt,237,251
Salt,172,282
Salt,290,313
Salt,278,217
Salt,269,119
Salt,173,93
Salt,328,97
Salt,5,62
Salt,183,361
Salt,114,312
Salt,358,39
Salt,7,269
Salt,277,169
Salt,169,179
Salt,195,260
Salt,228,166
Salt,28,42
Salt,32,321
Salt,353,118
Salt,58,312
Salt,46,254
Salt,350,343
Salt,218,181
Salt,146,193
Salt,18,61
Salt,61,271
Salt,275,217
Salt,356,350
Salt,229,288
Salt,276,180
Salt,321,320
Salt,18,210
Salt,28,325
Salt,381,387
Salt,213,185
Salt,317,195
Salt,131,131
Salt,266,16
Salt,109,218
Salt,37,44
Salt,56,318
Salt,345,397
Salt,47,111
Salt,259,391
Salt,124,211
Salt,173,332
Salt,265,172
Salt,59,93
Salt,377,61
Salt,245,160
Salt,293,332
Salt,324,295
Salt,324,55
Salt,120,21
Salt,166,49
Salt,169,360
Salt,27,82
Salt,333,182
Salt,36,138
Salt,356,300
Salt,35,60
Salt,337,113
Salt,13,210
Salt,33,256
Salt,167,157
Salt,189,47
Salt,190,206
Salt,103,188
Salt,246,228
Salt,28,262
Salt,364,353
Salt,202,46
Salt,194,232
Salt,83,226
Salt,296,57
Salt,172,216
Salt,155,282
Salt,48,109
Salt,161,345
Salt,310,103
Salt,37,120
Salt,24,274
Salt,35,259
Salt,26,216
Salt,146,262
Salt,223,198
Salt,354,60
Salt,45,115
Salt,285,249
Salt,386,248
Salt,166,218
Salt,92,375
Salt,262,5
Salt,248,303
Salt,77,276
Salt,349,361
Salt,159,36
Salt,208,154
Salt,196,118
Salt,292,350
Salt,330,341
Salt,238,168
Salt,190,252
Salt,266,90
Salt,17,344
Salt,299,351
Salt,373,49
Salt,371,280
Salt,141,170
Salt,371,149
Salt,13,357
Salt,202,177
Salt,261,264
Salt,68,251
Salt,274,257
Salt,254,165
Salt,338,58
Salt,320,345
Salt,278,376
Salt,195,39
Salt,198,59
Salt,190,158
Salt,3,199
Salt,161,245
Salt,89,16
Salt,326,132
Salt,329,342
Salt,80,337
Salt,175,386
Salt,75,351
Salt,178,20
Salt,47,233
Salt,322,346
Salt,24,198
Salt,48,153
Salt,383,19
Salt,291,150
Salt,358,397
Salt,392,375
Salt,18,115
Salt,365,376
Salt,177,93
Salt,85,244
Salt,270,120
Salt,286,94
Salt,99,53
Salt,292,305
Salt,163,396
Salt,339,218
Salt,104,351
Salt,262,332
Salt,143,381
Salt,101,190
Salt,372,237
Salt,96,125
Salt,295,322
Salt,253,32
Salt,191,243
Salt,94,82
Salt,27,230
Salt,227,359
Salt,353,276
Salt,3,103
Salt,356,259
Salt,68,193
Salt,146,294
Salt,313,30
Salt,353,308
Salt,276,149
Salt,352,197
Salt,26,304
Salt,347,213
Salt,317,224
Salt,90,134
Salt,204,89
Salt,18,265
Salt,193,63
Salt,305,14
Salt,197,124
Salt,192,345
Salt,52,348
Salt,103,82
Salt,184,224
Salt,235,313
Salt,33,149
Salt,280,114
Salt,123,336
Salt,198,192
Salt,175,373
Salt,341,227
Salt,313,26
Salt,385,371
Salt,62,106
Salt,156,310
Salt,306,157
Salt,67,251
Salt,181,168
Salt,31,302
Salt,64,133
Salt,185,198
Salt,67,143
Salt,64,100
Salt,298,93
Salt,245,237
Salt,297,100
Salt,63,37
Salt,294,49
Salt,309,74
Salt,125,47
Salt,390,374
Salt,272,267
Salt,50,9
Salt,214,335
Salt,344,249
Salt,251,374
Salt,84,93
Salt,34,276
Salt,301,188
Salt,331,142
Salt,28,137
Salt,34,14
Salt,105,58
Salt,229,108
Salt,158,374
Salt,209,292
Salt,284,263
Salt,303,347
Salt,31,32
Salt,66,55
Salt,36,222
Salt,161,176
Salt,80,14
Salt,17,11
Salt,227,127
Salt,239,30
Salt,239,200
Salt,341,331
Salt,168,372
Salt,228,354
Salt,4,103
Salt,131,296
Salt,255,40
Salt,166,145
Salt,380,65
Salt,220,3
Salt,251,269
Salt,231,104
Salt,198,187
Salt,209,284
Salt,138,92
Salt,46,196
Salt,356,171
Salt,371,298
Salt,178,18
Salt,57,149
Salt,74,93
Salt,153,104
Salt,143,248
Salt,308,312
Salt,268,32
Salt,97,52
Salt,393,350
Salt,37,357
Salt,285,311
Salt,78,346
Salt,50,312
Salt,85,21
Salt,238,365
Salt,147,18
Salt,88,133
Salt,385,159
Salt,150,377
Salt,313,194
Salt,188,26
Salt,219,194
Salt,363,216
Salt,246,192
Salt,60,18
Salt,281,244
Salt,277,24
Salt,292,92
Salt,160,69
Salt,99,160
Salt,232,164
Salt,151,307
Salt,81,164
Salt,310,205
Salt,386,43
Salt,399,34
Salt,254,101
Salt,40,185
Salt,368,62
Salt,245,101
Salt,175,110
Salt,189,146
Salt,265,128
Salt,13,299
Salt,110,106
Salt,367,54
Salt,21,68
Salt,101,207
Salt,307,41
Salt,225,228
Salt,12,103
Salt,210,237
Salt,84,128
Salt,188,328
Salt,242,328
Salt,258,91
Salt,57,388
Salt,258,22
Salt,148,207
Salt,185,146
Salt,283,17
Salt,230,16
Salt,39,343
Salt,380,353
Salt,368,268
Salt,314,223
Salt,188,375
Salt,324,248
Salt,16,133
Salt,381,25
Salt,27,84
Salt,214,18
Salt,210,338
Salt,38,95
Salt,269,110
Salt,243,89
Salt,360,303
Salt,234,149
Salt,5,294
Salt,392,83
Salt,76,42
Salt,353,165
Salt,81,390
Salt,107,234
Salt,107,56
Salt,42,195
Salt,51,102
Salt,165,89
Salt,260,337
Salt,276,303
Salt,235,383
Salt,217,324
Salt,158,286
Salt,231,80
Salt,84,323
Salt,75,147
Salt,253,339
Salt,391,247
Salt,120,345
Salt,88,62
Salt,398,186
Salt,248,330
Salt,329,120
Salt,227,296
Salt,165,217
Salt,250,358
Salt,193,117
Salt,189,363
Salt,244,158
Salt,82,168
Salt,117,232
Salt,344,36
Salt,317,138
Salt,287,383
Salt,221,365
Salt,391,45
Salt,109,149
Salt,339,72
Salt,192,107
Salt,385,295
Salt,117,126
Salt,3,168
Salt,320,22
Salt,217,324
Salt,14,294
Salt,115,164
Salt,58,189
Salt,245,7
Salt,4,312
Salt,69,133
Salt,125,247
Salt,163,106
Salt,221,54
Salt,374,195
Salt,377,282
Salt,191,118
Salt,75,359
Salt,344,329
Salt,361,198
Salt,301,125
Salt,359,281
Salt,377,185
Salt,360,314
Salt,213,337
Salt,390,377
Salt,38,214
Salt,34,387
Salt,135,266
Salt,387,316
Salt,355,185
Salt,127,295
Salt,387,262
Salt,244,15
Salt,131,125
Salt,375,130
Salt,214,215
Salt,328,153
Salt,182,255
Salt,306,60
Salt,234,32
Salt,86,230
Salt,347,150
Salt,271,210
Salt,334,342
Salt,100,294
Salt,251,132
Salt,162,105
Salt,390,194
Salt,235,69
Salt,148,295
Salt,88,244
Salt,314,260
Salt,19,129
Salt,178,252
Salt,17,99
Salt,29,224
Salt,161,99
Salt,117,78
Salt,174,147
Salt,29,319
Salt,119,317
Salt,87,106
Salt,128,377
Salt,70,133
Salt,229,26
Salt,29,315
Salt,383,30
Salt,364,334
Salt,124,100
Salt,79,291
Salt,313,383
Salt,333,62
Salt,139,92
Salt,326,271
Salt,24,166
Salt,308,312
Salt,7,9
Salt,225,203
Salt,264,118
Salt,153,250
Salt,263,224
Salt,382,226
Salt,135,331
Salt,79,138
Salt,3,0
Salt,67,107
Salt,81,201
Salt,91,106
Salt,353,50
Salt,190,245
Salt,66,383
Salt,174,162
Salt,390,312
Salt,307,341
Salt,100,2
Salt,235,125
Salt,106,91
Salt,393,133
Salt,399,335
Salt,354,137
Salt,115,95
Salt,281,330
Salt,179,143
Salt,375,349
Salt,193,172
Salt,336,210
Salt,165,110
Salt,152,31
Salt,239,46
Salt,379,180
Salt,188,240
Salt,159,220
Salt,13,143
Salt,265,265
Salt,340,377
Salt,55,325
Salt,258,327
Salt,89,258
Salt,180,303
Salt,145,278
Salt,309,136
Salt,27,136
Salt,387,169
Salt,371,48
Salt,26,138
Salt,353,261
Salt,311,11
Salt,84,70
Salt,196,272
Salt,126,166
Salt,234,128
Salt,144,296
Salt,128,371
Salt,157,17
Salt,234,199
Salt,357,388
Salt,185,136
Salt,21,267
Salt,380,3
Salt,32,351
Salt,371,188
Salt,237,244
Salt,317,166
Salt,60,374
Salt,271,207
Salt,337,25
Salt,346,51
Salt,190,105
Salt,211,131
Salt,128,59
Salt,139,165
Salt,245,147
Salt,197,188
Salt,215,102
Salt,188,23
Salt,396,306
Salt,288,354
Salt,253,41
Salt,392,230
Salt,269,305
Salt,201,368
Salt,231,182
Salt,93,15
Salt,103,306
Salt,241,391
Salt,24,45
Salt,142,296
Salt,131,220
Salt,352,231
Salt,242,249
Salt,286,359
Salt,380,6
Salt,146,187
Salt,310,130
Salt,260,63
Salt,161,199
Salt,103,296
Salt,211,48
Salt,64,151
Salt,47,13
Salt,12,132
Salt,96,141
Salt,184,171
Salt,123,24
Salt,72,32
Salt,126,31
Salt,226,370
Salt,245,347
Salt,62,275
Salt,110,215
Salt,301,295
Salt,171,146
Salt,191,113
Salt,195,143
Salt,114,90
Salt,54,49
Salt,99,49
Salt,128,65
Salt,241,61
Salt,194,97
Salt,228,236
Salt,14,13
Salt,360,6
Salt,258,19
Salt,231,21
Salt,229,55
Salt,347,150
Salt,291,266
Salt,178,375
Salt,140,177
Salt,321,196
Salt,350,190
Salt,134,390
Salt,172,49
Salt,76,242
Salt,81,272
Salt,341,138
Salt,87,44
Salt,149,372
Salt,180,293
Salt,154,229
Salt,295,211
Salt,317,100
Salt,174,307
Salt,279,366
Salt,42,341
Salt,393,305
Salt,219,140
Salt,329,315
Salt,75,7
Salt,45,59
Salt,348,167
Salt,376,374
Salt,93,39
Salt,229,110
Salt,119,33
Salt,172,313
Salt,51,346
Salt,116,182
Salt,130,359
Salt,243,171
Salt,60,192
Salt,53,91
Salt,114,104
Salt,83,140
Salt,348,146
Salt,309,34
Salt,177,302
Salt,154,279
Salt,46,103
Salt,358,220
Salt,121,170
Salt,37,343
Salt,391,338
Salt,90,346
Salt,63,344
Salt,179,246
Salt,274,157
Salt,286,203
Salt,123,251
Salt,116,217
Salt,114,3
Salt,64,71
Salt,235,297
Salt,374,317
Salt,351,117
Salt,186,222
Salt,360,249
Salt,195,179
Salt,196,75
Salt,92,262
Salt,81,98
Salt,382,391
Salt,261,53
Salt,312,383
Salt,290,112
Salt,110,53
Salt,222,79
Salt,173,189
Salt,225,0
Salt,45,56
Salt,151,243
Salt,309,126
Salt,49,148
Salt,204,138
Salt,361,272
Salt,211,372
Salt,105,30
Salt,371,317
Salt,98,51
Salt,210,98
Salt,162,330
Salt,304,397
Salt,245,188
Salt,218,163
Salt,314,216
Salt,189,169
Salt,130,127
Salt,115,220
Salt,137,204
Salt,79,40
Salt,100,204
Salt,156,329
Salt,221,16
Salt,287,356
Salt,204,341
Salt,92,273
Salt,229,191
Salt,199,317
Salt,205,31
Salt,180,175
Salt,108,204
Salt,133,297
Salt,286,17
Salt,384,158
Salt,288,220
Salt,202,16
Salt,348,363
Salt,335,97
Salt,32,343
Salt,50,170
Salt,186,241
Salt,2,184
Salt,330,258
Salt,139,56
Salt,181,136
Salt,112,373
Salt,354,349
Salt,317,111
Salt,380,282
Salt,6,301
Salt,372,392
Salt,387,188
Salt,244,190
Salt,112,282
Salt,391,187
Salt,285,301
Salt,295,382
Salt,249,104
Salt,134,381
Salt,18,146
Salt,157,332
Salt,246,138
Salt,67,226
Salt,288,91
Salt,254,171
Salt,187,388
Salt,69,387
Salt,286,159
Salt,201,138
Salt,385,372
Salt,184,230
Salt,188,18
Salt,309,75
Salt,342,349
Salt,4,123
Salt,103,253
Salt,51,245
Salt,192,8
Salt,218,217
Salt,248,64
Salt,362,292
Salt,312,55
Salt,173,195
Salt,148,373
Salt,59,152
Salt,224,260
Salt,303,297
Salt,163,354
Salt,151,317
Salt,274,141
Salt,101,121
Salt,164,11
Salt,127,190
Salt,366,297
Salt,3,81
Salt,31,101
Pepper,397,320
Pepper,138,115
Pepper,14,203
Pepper,164,170
Pepper,2,129
Pepper,114,214
Pepper,210,53
Pepper,97,306
Pepper,187,187
Pepper,97,112
Pepper,129,330
Pepper,350,393
Pepper,230,223
Pepper,290,132
Pepper,239,316
Pepper,10,397
Pepper,134,291
Pepper,162,187
Pepper,1,48
Pepper,62,123
Pepper,13,205
Pepper,31,255
Pepper,341,34
Pepper,395,398
Pepper,163,288
Pepper,280,358
Pepper,364,352
Pepper,25,297
Pepper,242,53
Pepper,219,213
Pepper,384,308
Pepper,240,123
Pepper,212,33
Pepper,116,96
Pepper,175,368
Pepper,312,103
Pepper,218,4
Pepper,217,336
Pepper,13,75
Pepper,199,270
Pepper,189,0
Pepper,113,93
Pepper,398,289
Pepper,322,129
Pepper,65,50
Pepper,45,129
Pepper,101,192
Pepper,393,143
Pepper,294,66
Pepper,358,345
Pepper,189,75
Pepper,71,356
Pepper,32,178
Pepper,7,175
Pepper,57,329
Pepper,153,52
Pepper,302,246
Pepper,365,326
Pepper,16,81
Pepper,68,360
Pepper,148,282
Pepper,383,210
Pepper,370,10
Pepper,5,66
Pepper,234,28
Pepper,76,340
Pepper,345,173
Pepper,288,258
Pepper,294,25
Pepper,368,305
Pepper,367,198
Pepper,137,7
Pepper,127,265
Pepper,356,179
Pepper,313,148
Pepper,160,363
Pepper,193,111
Pepper,30,362
Pepper,317,382
Pepper,324,293
Pepper,108,218
Pepper,288,208
Pepper,104,246
Pepper,224,282
Pepper,368,98
Pepper,396,177
Pepper,131,133
Pepper,378,182
Pepper,14,312
Pepper,318,35
Pepper,58,340
Pepper,255,231
Pepper,319,306
Pepper,48,154
Pepper,146,123
Pepper,186,273
Pepper,346,380
Pepper,229,311
Pepper,95,219
Pepper,18,16
Pepper,179,288
Pepper,179,337
Pepper,301,322
Pepper,102,357
Pepper,12,224
Pepper,396,129
Pepper,385,292
Pepper,398,206
Pepper,182,349
Pepper,73,344
Pepper,355,91
Pepper,283,392
Pepper,252,343
Pepper,20,63
Pepper,4,236
Pepper,186,50
Pepper,175,273
Pepper,243,85
Pepper,165,200
Pepper,239,56
Pepper,356,383
Pepper,29,354
Pepper,228,135
Pepper,98,177
Pepper,185,107
Pepper,241,28
Pepper,197,12
Pepper,264,314
Pepper,123,284
Pepper,18,346
Pepper,334,109
Pepper,363,152
Pepper,354,20
Pepper,74,392
Pepper,263,312
Pepper,266,110
Pepper,209,204
Pepper,202,326
Pepper,36,228
Pepper,319,328
Pepper,118,128
Pepper,261,118
Pepper,127,71
Pepper,353,25
Pepper,15,168
Pepper,68,113
Pepper,191,48
Pepper,129,175
Pepper,224,398
Pepper,328,98
Pepper,92,62
Pepper,67,193
Pepper,208,314
Pepper,172,6
Pepper,18,173
Pepper,214,175
Pepper,26,28
Pepper,27,128
Pepper,326,70
Pepper,289,318
Pepper,41,49
Pepper,208,276
Pepper,357,317
Pepper,65,310
Pepper,205,165
Pepper,365,293
Pepper,393,318
Pepper,327,321
Pepper,379,7
Pepper,193,234
Pepper,370,359
Pepper,314,309
Pepper,53,98
Pepper,353,237
Pepper,230,212
Pepper,282,302
Pepper,282,32
Pepper,336,182
Pepper,28,27
Pepper,174,394
Pepper,177,170
Pepper,103,204
Pepper,299,299
Pepper,278,184
Pepper,54,244
Pepper,394,66
Pepper,57,391
Pepper,278,234
Pepper,25,323
Pepper,32,129
Pepper,84,31
Pepper,371,135
Pepper,192,15
Pepper,85,165
Pepper,52,11
Pepper,289,55
Pepper,44,135
Pepper,332,292
Pepper,165,200
Pepper,286,268
Pepper,244,172
Pepper,3,19
Pepper,261,335
Pepper,32,294
Pepper,36,386
Pepper,36,288
Pepper,64,380
Pepper,193,286
Pepper,371,348
Pepper,333,21
Pepper,367,146
Pepper,389,3
Pepper,89,318
Pepper,320,55
Pepper,385,147
Pepper,116,63
Pepper,101,307
Pepper,325,245
Pepper,95,217
Pepper,392,139
Pepper,173,362
Pepper,99,83
Pepper,308,217
Pepper,366,215
Pepper,149,391
Pepper,82,59
Pepper,191,15
Pepper,385,397
Pepper,199,99
Pepper,34,123
Pepper,145,211
Pepper,271,314
Pepper,327,181
Pepper,137,175
Pepper,85,22
Pepper,9,310
Pepper,215,313
Pepper,98,47
Pepper,163,237
Pepper,238,47
Pepper,141,364
Pepper,191,331
Pepper,336,306
Pepper,268,172
Pepper,237,98
Pepper,304,3
Pepper,91,381
Pepper,230,27
Pepper,92,378
Pepper,48,250
Pepper,22,382
Pepper,234,107
Pepper,58,14
Pepper,268,337
Pepper,388,259
Pepper,93,316
Pepper,264,365
Pepper,131,156
Pepper,267,269
Pepper,260,229
Pepper,12,176
Pepper,392,105
Pepper,303,315
Pepper,164,364
Pepper,272,154
Pepper,94,249
Pepper,151,296
Pepper,330,13
Pepper,356,361
Pepper,201,119
Pepper,6,310
Pepper,213,268
Pepper,301,363
Pepper,377,200
Pepper,49,182
Pepper,165,147
Pepper,47,370
Pepper,134,205
Pepper,189,107
Pepper,51,53
Pepper,272,206
Pepper,58,275
Pepper,386,185
Pepper,253,60
Pepper,26,155
Pepper,16,72
Pepper,77,29
Pepper,93,303
Pepper,100,91
Pepper,254,336
Pepper,24,251
Pepper,156,320
Pepper,185,319
Pepper,243,102
Pepper,117,329
Pepper,66,329
Pepper,15,254
Pepper,281,47
Pepper,373,317
Pepper,100,223
Pepper,159,30
Pepper,351,361
Pepper,138,110
Pepper,314,308
Pepper,232,84
Pepper,388,73
Pepper,122,397
Pepper,43,308
Pepper,118,381
Pepper,18,175
Pepper,333,364
Pepper,28,326
Pepper,205,56
Pepper,185,219
Pepper,43,181
Pepper,160,288
Pepper,346,108
Pepper,354,110
Pepper,224,130
Pepper,382,216
Pepper,305,367
Pepper,82,172
Pepper,20,313
Pepper,51,150
Pepper,317,232
Pepper,2,373
Pepper,110,394
Pepper,145,93
Pepper,17,48
Pepper,57,357
Pepper,137,174
Pepper,300,71
Pepper,148,322
Pepper,124,120
Pepper,278,44
Pepper,118,12
Pepper,212,164
Pepper,8,147
Pepper,130,394
Pepper,341,355
Pepper,241,231
Pepper,172,274
Pepper,121,275
Pepper,259,312
Pepper,313,388
Pepper,49,366
Pepper,192,224
Pepper,295,113
Pepper,295,68
Pepper,89,335
Pepper,34,240
Pepper,298,50
Pepper,161,181
Pepper,139,41
Pepper,91,237
Pepper,38,324
Pepper,58,184
Pepper,288,245
Pepper,205,220
Pepper,243,293
Pepper,155,292
Pepper,226,154
Pepper,263,319
Pepper,210,140
Pepper,35,236
Pepper,263,205
Pepper,20,321
Pepper,4,354
Pepper,83,74
Pepper,313,69
Pepper,140,235
Pepper,149,379
Pepper,364,296
Pepper,166,378
Pepper,290,278
Pepper,328,19
Pepper,362,235
Pepper,150,210
Pepper,159,226
Pepper,160,81
Pepper,218,69
Pepper,5,143
Pepper,283,244
Pepper,90,174
Pepper,7,249
Pepper,151,25
Pepper,73,357
Pepper,329,15
Pepper,367,167
Pepper,392,117
Pepper,45,369
Pepper,232,136
Pepper,71,238
Pepper,347,192
Pepper,270,108
Pepper,247,344
Pepper,13,124
Pepper,163,172
Pepper,276,355
Pepper,365,341
Pepper,329,191
Pepper,73,206
Pepper,123,34
Pepper,14,288
Pepper,287,86
Pepper,105,197
Pepper,48,186
Pepper,89,305
Pepper,360,338
Pepper,245,109
Pepper,280,372
Pepper,50,209
Pepper,110,248
Pepper,74,342
Pepper,17,80
Pepper,155,59
Pepper,224,218
Pepper,196,120
Pepper,247,49
Pepper,375,267
Pepper,113,22
Pepper,152,143
Pepper,225,41
Pepper,90,102
Pepper,334,371
Pepper,17,304
Pepper,283,334
Pepper,298,210
Pepper,90,308
Pepper,263,147
Pepper,310,208
Pepper,204,129
Pepper,335,36
Pepper,271,118
Pepper,321,341
Pepper,14,274
Pepper,367,186
Pepper,277,380
Pepper,106,279
Pepper,215,285
Pepper,14,254
Pepper,323,367
Pepper,35,169
Pepper,273,217
Pepper,94,246
Pepper,86,167
Pepper,282,380
Pepper,97,82
Pepper,261,51
Pepper,44,339
Pepper,150,246
Pepper,184,387
Pepper,168,148
Pepper,109,52
Pepper,226,346
Pepper,99,382
Pepper,100,106
Pepper,285,378
Pepper,95,344
Pepper,216,296
Pepper,366,206
Pepper,384,387
Pepper,249,6
Pepper,109,203
Pepper,65,44
Pepper,312,262
Pepper,349,43
Pepper,16,127
Pepper,115,269
Pepper,96,184
Pepper,277,177
Pepper,251,339
Pepper,313,10
Pepper,70,182
Pepper,7,227
Pepper,155,240
Pepper,379,86
Pepper,363,171
Pepper,130,176
Pepper,302,94
Pepper,10,79
Pepper,166,306
Pepper,35,332
Pepper,91,148
Pepper,162,169
Pepper,210,204
Pepper,192,296
Pepper,3,19
Pepper,356,156
Pepper,219,138
Pepper,281,95
Pepper,121,112
Pepper,237,237
Pepper,231,110
Pepper,75,243
Pepper,133,217
Pepper,344,312
Pepper,165,380
Pepper,78,215
Pepper,370,376
Pepper,110,83
Pepper,287,396
Pepper,88,309
Pepper,194,199
Pepper,170,98
Pepper,62,280
Pepper,172,208
Pepper,157,46
Pepper,186,179
Pepper,173,177
Pepper,267,317
Pepper,193,113
Pepper,38,321
Pepper,247,377
Pepper,270,363
Pepper,333,78
Pepper,276,157
Pepper,310,314
Pepper,303,137
Pepper,331,43
Pepper,36,229
Pepper,177,176
Pepper,398,309
Pepper,132,8
Pepper,245,347
Pepper,99,122
Pepper,181,351
Pepper,170,291
Pepper,56,116
Pepper,336,393
Pepper,72,160
Pepper,296,189
Pepper,344,282
Pepper,251,249
Pepper,234,194
Pepper,377,124
Pepper,156,85
Pepper,62,394
Pepper,236,86
Pepper,23,379
Pepper,13,388
Pepper,107,232
Pepper,339,283
Pepper,130,230
Pepper,217,387
Pepper,42,38
Pepper,260,323
Pepper,288,298
Pepper,242,196
Pepper,332,142
Pepper,32,55
Pepper,41,89
Pepper,76,59
Pepper,192,393
Pepper,313,375
Pepper,239,50
Pepper,279,222
Pepper,220,352
Pepper,127,331
Pepper,257,334
Pepper,324,84
Pepper,167,329
Pepper,151,125
Pepper,185,189
Pepper,140,198
Pepper,219,374
Pepper,384,212
Pepper,339,229
Pepper,105,296
Pepper,338,381
Pepper,366,246
Pepper,154,37
Pepper,10,304
Pepper,128,213
Pepper,109,199
Pepper,263,309
Pepper,258,52
Pepper,320,67
Pepper,187,398
Pepper,304,125
Pepper,106,351
Pepper,213,179
Pepper,89,199
Pepper,237,171
Pepper,207,232
Pepper,123,37
Pepper,374,30
Pepper,354,318
Pepper,255,222
Pepper,184,122
Pepper,149,391
Pepper,111,46
Pepper,257,337
Pepper,138,104
Pepper,43,129
Pepper,37,121
Pepper,325,308
Pepper,394,63
Pepper,110,72
Pepper,140,166
Pepper,106,100
Pepper,58,368
Pepper,351,397
Pepper,252,47
Pepper,23,109
Pepper,168,262
Pepper,277,328
Pepper,254,34
Pepper,154,179
Pepper,359,117
Pepper,397,365
Pepper,61,371
Pepper,362,70
Pepper,220,18
Pepper,325,263
Pepper,350,120
Pepper,130,69
Pepper,145,211
Pepper,75,241
Pepper,188,134
Pepper,137,268
Pepper,275,32
Pepper,179,293
Pepper,25,72
Pepper,312,99
Pepper,343,234
Pepper,185,74
Pepper,324,252
Pepper,262,54
Pepper,319,208
Pepper,14,263
Pepper,324,138
Pepper,270,20
Pepper,32,179
Pepper,202,193
Pepper,150,73
Pepper,169,289
Pepper,8,1
Pepper,48,213
Pepper,306,227
Pepper,115,137
Pepper,165,40
Pepper,325,250
Pepper,5,49
Pepper,356,15
Pepper,82,13
Pepper,109,197
Pepper,325,306
Pepper,308,262
Pepper,392,382
Pepper,20,23
Pepper,223,140
Pepper,234,256
Pepper,264,364
Pepper,210,257
Pepper,7,191
Pepper,143,137
Pepper,75,303
Pepper,75,396
Pepper,50,218
Pepper,294,218
Pepper,76,17
Pepper,395,2
Pepper,242,22
Pepper,345,161
Pepper,156,268
Pepper,177,361
Pepper,54,198
Pepper,134,271
Pepper,276,70
Pepper,240,107
Pepper,189,240
Pepper,40,376
Pepper,89,211
Pepper,260,371
Pepper,72,226
Pepper,269,322
Pepper,17,283
Pepper,376,255
Pepper,44,311
Pepper,158,302
Pepper,238,291
Pepper,187,246
Pepper,64,283
Pepper,157,274
Pepper,51,393
Pepper,255,238
Pepper,348,279
Pepper,38,257
Pepper,289,300
Pepper,263,371
Pepper,111,360
Pepper,294,178
Pepper,134,235
Pepper,110,364
Pepper,29,106
Pepper,25,302
Pepper,208,231
Pepper,233,197
Pepper,85,139
Pepper,186,204
Pepper,161,221
Pepper,248,107
Pepper,378,276
Pepper,384,234
Pepper,224,135
Pepper,27,95
Pepper,151,193
Pepper,182,161
Pepper,246,53
Pepper,294,8
Pepper,106,164
Pepper,32,279
Pepper,265,106
Pepper,6,63
Pepper,191,8
Pepper,44,398
Pepper,348,252
Pepper,318,363
Pepper,33,220
Pepper,129,164
Pepper,252,206
Pepper,245,255
Pepper,180,253
Pepper,110,168
Pepper,389,118
Pepper,380,250
Pepper,9,194
Pepper,139,395
Pepper,197,115
Pepper,244,218
Pepper,204,230
Pepper,12,232
Pepper,226,361
Pepper,159,357
Pepper,93,140
Pepper,111,122
Pepper,215,133
Pepper,283,280
Pepper,3,127
Pepper,222,280
Pepper,354,180
Pepper,312,101
Pepper,2,171
Pepper,107,278
Pepper,397,357
Pepper,52,307
Pepper,78,307
Pepper,149,386
Pepper,183,254
Pepper,80,91
Pepper,349,160
Pepper,315,217
Pepper,321,158
Pepper,262,168
Pepper,256,79
Pepper,283,308
Pepper,238,154
Pepper,246,106
Pepper,300,389
Pepper,180,65
Pepper,209,262
Pepper,284,379
Pepper,117,328
Pepper,225,289
Pepper,367,255
Pepper,398,89
Pepper,303,223
Pepper,48,356
Pepper,280,148
Pepper,173,263
Pepper,99,156
Pepper,167,17
Pepper,83,137
Pepper,38,256
Pepper,102,377
Pepper,184,88
Pepper,112,122
Pepper,189,380
Pepper,141,370
Pepper,91,114
Pepper,129,156
Pepper,187,379
Pepper,10,388
Pepper,364,28
Pepper,382,18
Pepper,263,321
Pepper,332,246
Pepper,286,246
Pepper,94,128
Pepper,32,71
Pepper,196,260
Pepper,142,214
Pepper,380,220
Pepper,312,72
Pepper,328,163
Pepper,225,158
Pepper,194,304
Pepper,134,207
Pepper,314,112
Pepper,136,154
Pepper,105,241
Pepper,73,397
Pepper,281,375
Pepper,321,355
Pepper,39,52
Pepper,298,250
Pepper,0,337
Pepper,263,211
Pepper,141,163
Pepper,237,268
Pepper,190,60
Pepper,370,4
Pepper,83,44
Pepper,61,10
Pepper,350,44
Pepper,333,127
Pepper,118,280
Pepper,317,20
Pepper,265,164
Pepper,18,211
Pepper,66,112
Pepper,220,92
Pepper,121,147
Pepper,60,26
Pepper,53,15
Pepper,114,122
Pepper,320,248
Pepper,264,45
Pepper,50,213
Pepper,29,238
Pepper,195,201
Pepper,201,46
Pepper,325,68
Pepper,111,257
Pepper,361,228
Pepper,10,219
Pepper,39,194
Pepper,282,136
Pepper,183,122
Pepper,375,323
Pepper,49,85
Pepper,258,300
Pepper,278,338
Pepper,36,347
Pepper,73,309
Pepper,341,372
Pepper,45,153
Pepper,87,183
Pepper,175,195
Pepper,15,355
Pepper,54,291
Pepper,179,238
Pepper,304,40
Pepper,56,195
Pepper,302,71
Pepper,387,148
Pepper,24,290
Pepper,254,174
Pepper,153,285
Pepper,166,200
Pepper,238,171
Pepper,294,53
Pepper,178,143
Pepper,239,92
Pepper,290,77
Pepper,204,370
Pepper,138,197
Pepper,117,38
Pepper,218,327
Pepper,351,311
Pepper,376,247
Pepper,112,339
Pepper,150,335
Pepper,295,57
Pepper,264,38
Pepper,46,335
Pepper,235,292
Pepper,282,78
Pepper,308,295
Pepper,112,12
Pepper,380,143
Pepper,205,60
Pepper,257,61
Pepper,140,42
Pepper,108,330
Pepper,246,229
Pepper,396,56
Pepper,237,116
Pepper,338,187
Pepper,26,173
Pepper,79,33
Pepper,230,187
Pepper,121,303
Pepper,251,206
Pepper,5,317
Pepper,62,298
Pepper,144,326
Pepper,147,326
Pepper,59,244
Pepper,37,257
Pepper,190,9
Pepper,181,361
Pepper,206,200
Pepper,350,327
Pepper,258,145
Pepper,48,381
Pepper,141,40
Pepper,44,69
Pepper,75,193
Pepper,329,328
Pepper,265,263
Pepper,324,61
Pepper,130,335
Pepper,59,197
Pepper,394,352
Pepper,304,220
Pepper,372,373
Pepper,195,348
Pepper,78,198
Pepper,224,141
Pepper,318,105
Pepper,340,391
Pepper,182,342
Pepper,250,99
Pepper,7,127
Pepper,365,147
Pepper,30,211
Pepper,117,204
Pepper,255,314
Pepper,364,337
Pepper,360,353
Pepper,317,94
Pepper,2,132
Pepper,341,337
Pepper,353,312
Pepper,381,191
Pepper,23,256
Pepper,133,189
Pepper,254,103
Pepper,346,89
Pepper,395,141
Pepper,20,372
Pepper,331,113
Pepper,51,343
Pepper,182,183
Pepper,181,270
Pepper,108,187
Pepper,365,5
Pepper,164,310
Pepper,397,377
Pepper,229,380
Pepper,288,138
Pepper,364,165
Pepper,11,301
Pepper,147,56
Pepper,344,76
Pepper,258,391
Pepper,130,142
Pepper,327,206
Pepper,148,298
Pepper,11,354
Pepper,381,41
Pepper,369,73
Pepper,350,22
Pepper,157,83
Pepper,384,256
Pepper,358,343
Pepper,260,89
Pepper,25,244
Pepper,332,393
Pepper,342,102
Pepper,368,63
Pepper,171,231
Pepper,196,111
Pepper,322,240
Pepper,63,175
Pepper,32,169
Pepper,328,245
Pepper,361,36
Pepper,23,299
Pepper,289,185
Pepper,248,293
Pepper,61,25
Pepper,315,120
Pepper,74,217
Pepper,389,95
Pepper,312,213
Pepper,253,281
Pepper,319,146
Pepper,35,361
Pepper,54,325
Pepper,242,98
Pepper,323,186
Pepper,12,382
Pepper,130,121
Pepper,0,357
Pepper,258,238
Pepper,154,186
Pepper,142,196
Pepper,245,26
Pepper,254,342
Pepper,216,229
Pepper,176,361
Pepper,381,394
Pepper,387,103
Pepper,145,350
Pepper,147,153
Pepper,139,233
Pepper,93,353
Pepper,135,245
Pepper,98,362
Pepper,380,225
Pepper,39,282
Pepper,198,269
Pepper,84,321
Pepper,211,399
Pepper,103,295
Pepper,251,219
Pepper,16,295
Pepper,6,283
Pepper,110,337
Pepper,239,315
Pepper,1,124
Pepper,337,317
Pepper,214,61
Pepper,87,384
Pepper,189,337
Pepper,216,111
Pepper,254,326
Pepper,180,131
Pepper,297,219
Pepper,230,143
Pepper,98,257
Pepper,187,294
Pepper,314,87
Pepper,253,218
Pepper,187,296
Pepper,118,184
Pepper,308,311
Pepper,78,284
Pepper,249,354
Pepper,4,255
Pepper,365,149
Pepper,393,259
Pepper,76,395
Pepper,161,239
Pepper,344,327
Pepper,145,105
Pepper,344,203
Pepper,276,325
Pepper,4,1
Pepper,376,302
Pepper,115,301
Pepper,175,312
Pepper,16,113
Pepper,53,387
Pepper,176,168
Pepper,96,63
Pepper,195,325
Pepper,343,72
Pepper,187,87
Pepper,149,77
Pepper,108,332
Pepper,175,234
Pepper,9,244
Pepper,346,172
Pepper,167,306
Pepper,221,124
Pepper,154,109
Pepper,26,163
Pepper,164,373
Pepper,140,10
Pepper,140,102
Pepper,82,46
Pepper,228,272
Pepper,364,340
Pepper,57,303
Pepper,170,338
Pepper,49,111
Pepper,328,71
Pepper,316,107
Pepper,96,191
Pepper,100,33
Pepper,236,0
Pepper,121,242
Pepper,183,179
Pepper,146,255
Pepper,396,380
Pepper,276,251
Pepper,23,369
Pepper,396,198
Pepper,140,177
Pepper,398,81
Pepper,258,270
Pepper,6,115
Pepper,369,394
Pepper,214,335
Pepper,362,356
Pepper,43,78
Pepper,327,105
Pepper,177,310
Pepper,117,151
Pepper,40,164
Pepper,302,223
Pepper,87,362
Pepper,379,346
Pepper,89,236
Pepper,196,256
Pepper,381,56
Pepper,90,18
Pepper,20,112
Pepper,377,45
Pepper,65,96
Pepper,104,253
Pepper,300,260
Pepper,267,189
Pepper,365,396
Pepper,64,248
Pepper,59,129
Pepper,285,206
Pepper,230,391
Pepper,73,390
Pepper,116,304
Pepper,5,130
Pepper,244,215
Pepper,256,308
Pepper,382,198
Pepper,12,198
Pepper,30,4
Pepper,49,9
Pepper,49,335
Pepper,141,53
Pepper,251,193
Pepper,38,196
Pepper,378,33
Pepper,8,257
Pepper,395,395
Pepper,251,52
Pepper,97,90
Pepper,77,127
Pepper,353,139
Pepper,124,380
Pepper,271,107
Pepper,99,50
Pepper,303,145
Pepper,359,16
Pepper,387,22
Pepper,383,292
Pepper,75,52
Pepper,262,130
Pepper,173,304
Pepper,10,355
Pepper,277,254
Pepper,350,376
Pepper,231,87
Pepper,69,304
Pepper,326,364
Pepper,193,205
Pepper,115,48
Pepper,346,41
Pepper,310,229
Pepper,84,146
Pepper,13,340
Pepper,51,246
Pepper,276,322
Pepper,14,177
Pepper,226,253
Pepper,118,260
Pepper,63,96
Pepper,17,378
Pepper,294,236
Pepper,103,380
Pepper,372,170
Pepper,31,217
Pepper,394,87
Pepper,261,20
Pepper,158,58
Pepper,231,68
Pepper,42,349
Pepper,265,220
Pepper,307,388
Pepper,61,182
Pepper,278,107
Pepper,87,173
Pepper,202,86
Pepper,22,68
Pepper,326,242
Pepper,323,80
Pepper,56,143
Pepper,230,31
Pepper,34,61
Pepper,144,304
Pepper,85,142
Pepper,83,16
Pepper,93,104
Pepper,330,280
Pepper,69,31
Pepper,312,197
Pepper,298,306
Pepper,9,69
Pepper,131,6
Pepper,253,76
Pepper,49,259
Pepper,31,61
Pepper,198,46
Pepper,25,252
Pepper,226,271
Pepper,192,163
Pepper,228,18
Pepper,288,92
Pepper,221,382
Pepper,270,205
Pepper,297,197
Pepper,87,361
Pepper,4,265
Pepper,171,18
Pepper,243,197
Pepper,215,304
Pepper,236,135
Pepper,355,112
Pepper,79,39
Pepper,250,285
Pepper,347,158
Pepper,364,27
Pepper,204,365
Pepper,44,382
Pepper,337,112
Pepper,290,265
Pepper,1,137
Pepper,1,377
Pepper,309,61
Pepper,50,194
Pepper,391,209
Pepper,320,353
Pepper,53,97
Pepper,102,32
Pepper,333,70
Pepper,3,93
Pepper,146,362
Pepper,301,72
Pepper,231,51
Pepper,128,51
Pepper,151,240
Pepper,392,182
Pepper,269,33
Pepper,283,313
Pepper,200,181
Pepper,396,189
Pepper,367,180
Pepper,370,108
Pepper,14,29
Pepper,306,287
Pepper,60,232
Pepper,289,378
Pepper,390,353
Pepper,166,377
Pepper,193,191
Pepper,388,78
Pepper,92,171
Pepper,266,65
Pepper,354,101
Pepper,304,143
Pepper,121,53
Pepper,364,348
Pepper,378,146
Pepper,74,109
Pepper,201,105
Pepper,373,31
Pepper,10,348
Pepper,303,107
Pepper,318,40
Pepper,116,333
Pepper,117,314
Pepper,141,303
Pepper,376,295
Pepper,19,268
Pepper,58,237
Pepper,322,286
Pepper,132,119
Pepper,366,124
Pepper,36,63
Pepper,50,179
Pepper,391,178
Pepper,214,261
Pepper,61,225
Pepper,175,114
Pepper,248,100
Pepper,34,361
Pepper,338,169
Pepper,171,167
Pepper,57,355
Pepper,395,139
Pepper,92,81
Pepper,287,99
Pepper,253,86
Pepper,161,77
Pepper,13,77
Pepper,201,327
Pepper,145,173
Pepper,303,17
Pepper,348,186
Pepper,164,52
Pepper,271,22
Pepper,244,274
Pepper,74,31
Pepper,144,265
Pepper,103,130
Pepper,248,248
Pepper,84,357
Pepper,160,262
Pepper,20,345
Pepper,272,385
Pepper,288,68
Pepper,131,337
Pepper,0,267
Pepper,240,280
Pepper,323,102
Pepper,363,126
Pepper,202,230
Pepper,281,265
Pepper,362,94
Pepper,309,83
Pepper,8,306
Pepper,65,392
Pepper,294,200
Pepper,379,197
Pepper,285,279
Pepper,316,333
Pepper,137,131
Pepper,306,295
Pepper,189,290
Pepper,212,152
Pepper,6,389
Pepper,181,283
Pepper,91,134
Pepper,118,51
Pepper,105,206
Pepper,45,316
Pepper,237,238
Pepper,143,130
Pepper,310,76
Pepper,314,30
Pepper,1,271
Pepper,221,90
Pepper,15,309
Pepper,274,364
Pepper,31,334
Pepper,205,69
Pepper,182,271
Pepper,271,19
Pepper,258,39
Pepper,168,311
Pepper,13,378
Pepper,73,373
Pepper,344,57
Pepper,276,282
Pepper,75,322
Pepper,50,86
Pepper,279,59
Pepper,16,46
Pepper,335,2
Pepper,282,115
Pepper,216,56
Pepper,80,349
Pepper,181,309
Pepper,302,236
Pepper,68,191
Pepper,265,157
Pepper,191,162
Pepper,390,66
Pepper,212,358
Pepper,152,377
Pepper,152,47
Pepper,28,18
Pepper,146,337
Pepper,207,207
Pepper,4,333
Pepper,314,305
Pepper,335,228
Pepper,119,220
Pepper,330,77
Pepper,315,118
Pepper,12,329
Pepper,156,38
Pepper,15,99
Pepper,345,372
Pepper,279,266
Pepper,189,383
Pepper,22,353
Pepper,380,304
Pepper,92,339
Pepper,397,285
Pepper,304,284
Pepper,183,279
Pepper,19,287
Pepper,246,209
Pepper,70,383
Pepper,1,20
Pepper,343,136
Pepper,232,88
Pepper,321,354
Pepper,208,348
Pepper,390,85
Pepper,169,251
Pepper,203,59
Pepper,75,213
Pepper,204,290
Pepper,166,306
Pepper,244,361
Pepper,190,220
Pepper,168,66
Pepper,166,151
Pepper,126,120
Pepper,253,269
Pepper,283,132
Pepper,44,73
Pepper,139,62
Pepper,157,260
Pepper,168,157
Pepper,185,195
Pepper,96,160
Pepper,175,51
Pepper,399,95
Pepper,225,127
Pepper,216,310
Pepper,196,296
Pepper,387,167
Pepper,66,273
Pepper,211,129
Pepper,121,207
Pepper,294,236
Pepper,15,184
Pepper,119,366
Pepper,225,76
Pepper,48,359
Pepper,59,324
Pepper,67,41
Pepper,166,285
Pepper,51,264
Pepper,93,367
Pepper,309,36
Pepper,248,174
Pepper,293,330
Pepper,346,304
Pepper,373,39
Pepper,264,240
Pepper,172,95
Pepper,163,142
Pepper,255,116
Pepper,141,64
Pepper,248,240
Pepper,127,281
Pepper,305,260
Pepper,39,29
Pepper,233,44
Pepper,266,45
Pepper,380,216
Pepper,341,72
Pepper,272,203
Pepper,29,149
Pepper,349,315
Pepper,346,85
Pepper,351,146
Pepper,134,288
Pepper,326,275
Pepper,370,80
Pepper,361,213
Pepper,193,291
Pepper,324,204
Pepper,334,298
Pepper,242,276
Pepper,148,189
Pepper,14,87
Pepper,272,69
Pepper,327,39
Pepper,219,328
Pepper,149,54
Pepper,74,233
Pepper,90,381
Pepper,92,329
Pepper,212,295
Pepper,363,390
Pepper,349,20
Pepper,132,253
Pepper,163,21
Pepper,285,157
Pepper,350,299
Pepper,398,286
Pepper,340,110
Pepper,214,395
Pepper,372,235
Pepper,101,239
Pepper,95,158
Pepper,83,29
Pepper,4,84
Pepper,323,328
Pepper,334,113
Pepper,133,176
Pepper,321,336
Pepper,19,289
Pepper,200,29
Pepper,391,186
Pepper,5,170
Pepper,202,114
Pepper,234,301
Pepper,75,202
Pepper,331,7
Pepper,78,53
Pepper,78,28
Pepper,338,7
Pepper,118,34
Pepper,383,75
Pepper,374,339
Pepper,157,226
Pepper,307,249
Pepper,69,237
Pepper,329,340
Pepper,34,164
Pepper,264,302
Pepper,134,226
Pepper,174,180
Pepper,367,124
Pepper,258,264
Pepper,141,344
Pepper,23,340
Pepper,211,305
Pepper,137,10
Pepper,388,38
Pepper,206,327
Pepper,232,206
Pepper,302,302
Pepper,228,133
Pepper,166,40
Pepper,396,364
Pepper,50,17
Pepper,182,230
Pepper,22,54
Pepper,118,81
Pepper,52,13
Pepper,19,140
Pepper,363,259
Pepper,150,364
Pepper,45,292
Pepper,211,379
Pepper,349,212
Pepper,98,83
Pepper,180,134
Pepper,187,366
Pepper,196,232
Pepper,60,393
Pepper,220,374
Pepper,167,262
Pepper,368,33
Pepper,103,356
Pepper,187,193
Pepper,59,297
Pepper,383,46
Pepper,155,130
Pepper,283,280
Pepper,124,232
Pepper,375,211
Pepper,347,184
Pepper,338,122
Pepper,68,150
Pepper,347,231
Pepper,8,163
Pepper,238,113
Pepper,219,326
Pepper,89,289
Pepper,319,302
Pepper,264,334
Pepper,101,63
Pepper,176,171
Pepper,229,135
Pepper,43,143
Pepper,51,270
Pepper,262,268
Pepper,39,296
Pepper,350,36
Pepper,43,369
Pepper,348,118
Pepper,145,88
Pepper,16,289
Pepper,108,110
Pepper,389,250
Pepper,277,165
Pepper,24,209
Pepper,1,375
Pepper,323,79
Pepper,346,246
Pepper,234,189
Pepper,159,63
Pepper,247,174
Pepper,359,350
Pepper,232,390
Pepper,277,295
Pepper,18,325
Pepper,136,173
Pepper,47,81
Pepper,57,76
Pepper,218,184
Pepper,295,257
Pepper,232,170
Pepper,138,127
Pepper,245,311
Pepper,218,174
Pepper,227,353
Pepper,155,198
Pepper,311,5
Pepper,331,48
Pepper,118,98
Pepper,315,347
Pepper,36,165
Pepper,165,142
Pepper,245,93
Pepper,150,90
